"","Country.of.birth.nationality","Year","Total"
"1","Afghanistan",2000,5486
"2","Afghanistan",2001,5494
"3","Afghanistan",2002,5805
"4","Afghanistan",2003,5306
"5","Afghanistan",2004,5879
"6","Afghanistan",2005,7509
"7","Afghanistan",2006,6818
"8","Afghanistan",2007,5429
"9","Afghanistan",2008,5637
"10","Afghanistan",2009,6950
"11","Afghanistan",2010,8487
"12","Afghanistan",2011,9844
"13","Afghanistan",2012,10432
"14","Afghanistan",2013,10710
"15","Afghanistan",2014,17373
"16","Afghanistan",2015,39872
"17","Afghanistan",2016,54243
"18","Afghanistan",2017,41727
"19","Afghanistan",2018,41061
"20","Afghanistan",2019,39435
"21","Afghanistan",2020,24997
"22","Afghanistan",2021,43554
"23","Algeria",2000,2278
"24","Algeria",2001,2367
"25","Algeria",2002,3709
"26","Algeria",2003,3929
"27","Algeria",2004,4628
"28","Algeria",2005,4724
"29","Algeria",2006,19863
"30","Algeria",2007,17968
"31","Algeria",2008,17619
"32","Algeria",2009,17853
"33","Algeria",2010,16285
"34","Algeria",2011,16281
"35","Algeria",2012,17427
"36","Algeria",2013,17878
"37","Algeria",2014,17781
"38","Algeria",2015,17229
"39","Algeria",2016,17418
"40","Algeria",2017,17810
"41","Algeria",2018,20041
"42","Algeria",2019,21481
"43","Algeria",2020,13123
"44","Algeria",2021,16512
"45","Angola",2000,250
"46","Angola",2001,193
"47","Angola",2002,719
"48","Angola",2003,551
"49","Angola",2004,537
"50","Angola",2005,560
"51","Angola",2006,1054
"52","Angola",2007,937
"53","Angola",2008,1914
"54","Angola",2009,1594
"55","Angola",2010,1690
"56","Angola",2011,1653
"57","Angola",2012,1828
"58","Angola",2013,1725
"59","Angola",2014,1682
"60","Angola",2015,1556
"61","Angola",2016,1709
"62","Angola",2017,2043
"63","Angola",2018,2567
"64","Angola",2019,3965
"65","Angola",2020,3711
"66","Angola",2021,3814
"67","Argentina",2000,5122
"68","Argentina",2001,9406
"69","Argentina",2002,25332
"70","Argentina",2003,17943
"71","Argentina",2004,19070
"72","Argentina",2005,20681
"73","Argentina",2006,19622
"74","Argentina",2007,16922
"75","Argentina",2008,12833
"76","Argentina",2009,9720
"77","Argentina",2010,9009
"78","Argentina",2011,8477
"79","Argentina",2012,7747
"80","Argentina",2013,9388
"81","Argentina",2014,9092
"82","Argentina",2015,9608
"83","Argentina",2016,10497
"84","Argentina",2017,10037
"85","Argentina",2018,11643
"86","Argentina",2019,17792
"87","Argentina",2020,10870
"88","Argentina",2021,16067
"89","Azerbaijan",2000,126
"90","Azerbaijan",2001,127
"91","Azerbaijan",2002,874
"92","Azerbaijan",2003,1683
"93","Azerbaijan",2004,1843
"94","Azerbaijan",2005,1835
"95","Azerbaijan",2006,2677
"96","Azerbaijan",2007,1522
"97","Azerbaijan",2008,1362
"98","Azerbaijan",2009,1497
"99","Azerbaijan",2010,2757
"100","Azerbaijan",2011,1597
"101","Azerbaijan",2012,1550
"102","Azerbaijan",2013,1672
"103","Azerbaijan",2014,1905
"104","Azerbaijan",2015,2412
"105","Azerbaijan",2016,10648
"106","Azerbaijan",2017,12980
"107","Azerbaijan",2018,14995
"108","Azerbaijan",2019,16026
"109","Azerbaijan",2020,6997
"110","Azerbaijan",2021,14977
"111","Bahamas",2000,13
"112","Bahamas",2001,15
"113","Bahamas",2002,452
"114","Bahamas",2003,235
"115","Bahamas",2004,308
"116","Bahamas",2005,402
"117","Bahamas",2006,455
"118","Bahamas",2007,398
"119","Bahamas",2008,357
"120","Bahamas",2009,394
"121","Bahamas",2010,331
"122","Bahamas",2011,355
"123","Bahamas",2012,346
"124","Bahamas",2013,342
"125","Bahamas",2014,409
"126","Bahamas",2015,430
"127","Bahamas",2016,406
"128","Bahamas",2017,431
"129","Bahamas",2018,468
"130","Bahamas",2019,567
"131","Bahamas",2020,306
"132","Bahamas",2021,531
"133","Bahrain",2000,144
"134","Bahrain",2001,118
"135","Bahrain",2002,183
"136","Bahrain",2003,63
"137","Bahrain",2004,97
"138","Bahrain",2005,84
"139","Bahrain",2006,93
"140","Bahrain",2007,122
"141","Bahrain",2008,56
"142","Bahrain",2009,72
"143","Bahrain",2010,84
"144","Bahrain",2011,69
"145","Bahrain",2012,109
"146","Bahrain",2013,124
"147","Bahrain",2014,117
"148","Bahrain",2015,165
"149","Bahrain",2016,137
"150","Bahrain",2017,123
"151","Bahrain",2018,185
"152","Bahrain",2019,209
"153","Bahrain",2020,87
"154","Bahrain",2021,271
"155","Bangladesh",2000,3293
"156","Bangladesh",2001,2617
"157","Bangladesh",2002,6115
"158","Bangladesh",2003,6564
"159","Bangladesh",2004,8450
"160","Bangladesh",2005,11677
"161","Bangladesh",2006,13534
"162","Bangladesh",2007,11411
"163","Bangladesh",2008,12846
"164","Bangladesh",2009,14493
"165","Bangladesh",2010,14844
"166","Bangladesh",2011,14857
"167","Bangladesh",2012,14287
"168","Bangladesh",2013,14023
"169","Bangladesh",2014,14819
"170","Bangladesh",2015,15909
"171","Bangladesh",2016,18215
"172","Bangladesh",2017,16852
"173","Bangladesh",2018,18901
"174","Bangladesh",2019,20572
"175","Bangladesh",2020,12122
"176","Bangladesh",2021,12859
"177","Barbados",2000,58
"178","Barbados",2001,69
"179","Barbados",2002,549
"180","Barbados",2003,352
"181","Barbados",2004,405
"182","Barbados",2005,534
"183","Barbados",2006,631
"184","Barbados",2007,458
"185","Barbados",2008,399
"186","Barbados",2009,422
"187","Barbados",2010,326
"188","Barbados",2011,313
"189","Barbados",2012,334
"190","Barbados",2013,324
"191","Barbados",2014,323
"192","Barbados",2015,296
"193","Barbados",2016,314
"194","Barbados",2017,341
"195","Barbados",2018,287
"196","Barbados",2019,333
"197","Barbados",2020,143
"198","Barbados",2021,174
"199","Belize",2000,20
"200","Belize",2001,24
"201","Belize",2002,610
"202","Belize",2003,349
"203","Belize",2004,559
"204","Belize",2005,557
"205","Belize",2006,802
"206","Belize",2007,677
"207","Belize",2008,669
"208","Belize",2009,643
"209","Belize",2010,705
"210","Belize",2011,637
"211","Belize",2012,578
"212","Belize",2013,727
"213","Belize",2014,642
"214","Belize",2015,570
"215","Belize",2016,606
"216","Belize",2017,601
"217","Belize",2018,480
"218","Belize",2019,631
"219","Belize",2020,317
"220","Belize",2021,450
"221","Benin",2000,53
"222","Benin",2001,24
"223","Benin",2002,140
"224","Benin",2003,197
"225","Benin",2004,271
"226","Benin",2005,245
"227","Benin",2006,659
"228","Benin",2007,624
"229","Benin",2008,662
"230","Benin",2009,747
"231","Benin",2010,830
"232","Benin",2011,864
"233","Benin",2012,841
"234","Benin",2013,868
"235","Benin",2014,883
"236","Benin",2015,813
"237","Benin",2016,884
"238","Benin",2017,868
"239","Benin",2018,1053
"240","Benin",2019,1090
"241","Benin",2020,729
"242","Benin",2021,926
"243","Bhutan",2000,12
"244","Bhutan",2001,9
"245","Bhutan",2002,21
"246","Bhutan",2003,30
"247","Bhutan",2004,21
"248","Bhutan",2005,29
"249","Bhutan",2006,57
"250","Bhutan",2007,66
"251","Bhutan",2008,196
"252","Bhutan",2009,1570
"253","Bhutan",2010,5020
"254","Bhutan",2011,8327
"255","Bhutan",2012,8363
"256","Bhutan",2013,7292
"257","Bhutan",2014,6124
"258","Bhutan",2015,5248
"259","Bhutan",2016,3757
"260","Bhutan",2017,2879
"261","Bhutan",2018,2214
"262","Bhutan",2019,1444
"263","Bhutan",2020,1064
"264","Bhutan",2021,380
"265","Bolivia",2000,2001
"266","Bolivia",2001,2718
"267","Bolivia",2002,6903
"268","Bolivia",2003,12143
"269","Bolivia",2004,26825
"270","Bolivia",2005,29046
"271","Bolivia",2006,47039
"272","Bolivia",2007,33246
"273","Bolivia",2008,9961
"274","Bolivia",2009,7528
"275","Bolivia",2010,9048
"276","Bolivia",2011,8713
"277","Bolivia",2012,10037
"278","Bolivia",2013,16850
"279","Bolivia",2014,15467
"280","Bolivia",2015,14710
"281","Bolivia",2016,12261
"282","Bolivia",2017,5200
"283","Bolivia",2018,5027
"284","Bolivia",2019,4988
"285","Bolivia",2020,2628
"286","Bolivia",2021,3122
"287","Botswana",2000,43
"288","Botswana",2001,30
"289","Botswana",2002,59
"290","Botswana",2003,58
"291","Botswana",2004,68
"292","Botswana",2005,80
"293","Botswana",2006,81
"294","Botswana",2007,79
"295","Botswana",2008,122
"296","Botswana",2009,91
"297","Botswana",2010,128
"298","Botswana",2011,141
"299","Botswana",2012,159
"300","Botswana",2013,159
"301","Botswana",2014,179
"302","Botswana",2015,134
"303","Botswana",2016,130
"304","Botswana",2017,138
"305","Botswana",2018,137
"306","Botswana",2019,141
"307","Botswana",2020,63
"308","Botswana",2021,109
"309","Brazil",2000,8909
"310","Brazil",2001,7333
"311","Brazil",2002,15159
"312","Brazil",2003,16859
"313","Brazil",2004,24335
"314","Brazil",2005,35105
"315","Brazil",2006,42551
"316","Brazil",2007,44519
"317","Brazil",2008,54360
"318","Brazil",2009,45396
"319","Brazil",2010,40591
"320","Brazil",2011,36192
"321","Brazil",2012,33092
"322","Brazil",2013,29936
"323","Brazil",2014,29262
"324","Brazil",2015,32014
"325","Brazil",2016,38224
"326","Brazil",2017,46600
"327","Brazil",2018,60246
"328","Brazil",2019,77189
"329","Brazil",2020,53675
"330","Brazil",2021,53679
"331","Burkina Faso",2000,218
"332","Burkina Faso",2001,24
"333","Burkina Faso",2002,279
"334","Burkina Faso",2003,374
"335","Burkina Faso",2004,483
"336","Burkina Faso",2005,420
"337","Burkina Faso",2006,596
"338","Burkina Faso",2007,641
"339","Burkina Faso",2008,1001
"340","Burkina Faso",2009,949
"341","Burkina Faso",2010,959
"342","Burkina Faso",2011,884
"343","Burkina Faso",2012,951
"344","Burkina Faso",2013,965
"345","Burkina Faso",2014,1027
"346","Burkina Faso",2015,995
"347","Burkina Faso",2016,1023
"348","Burkina Faso",2017,1006
"349","Burkina Faso",2018,1130
"350","Burkina Faso",2019,1129
"351","Burkina Faso",2020,691
"352","Burkina Faso",2021,1040
"353","Burundi",2000,170
"354","Burundi",2001,183
"355","Burundi",2002,334
"356","Burundi",2003,511
"357","Burundi",2004,655
"358","Burundi",2005,936
"359","Burundi",2006,1091
"360","Burundi",2007,1135
"361","Burundi",2008,958
"362","Burundi",2009,2768
"363","Burundi",2010,1692
"364","Burundi",2011,1386
"365","Burundi",2012,1241
"366","Burundi",2013,763
"367","Burundi",2014,716
"368","Burundi",2015,1096
"369","Burundi",2016,1013
"370","Burundi",2017,1514
"371","Burundi",2018,1677
"372","Burundi",2019,1976
"373","Burundi",2020,760
"374","Burundi",2021,814
"375","Cambodia",2000,562
"376","Cambodia",2001,790
"377","Cambodia",2002,2564
"378","Cambodia",2003,2371
"379","Cambodia",2004,3148
"380","Cambodia",2005,3476
"381","Cambodia",2006,5388
"382","Cambodia",2007,5824
"383","Cambodia",2008,4687
"384","Cambodia",2009,4767
"385","Cambodia",2010,5142
"386","Cambodia",2011,4799
"387","Cambodia",2012,5137
"388","Cambodia",2013,6087
"389","Cambodia",2014,5714
"390","Cambodia",2015,5397
"391","Cambodia",2016,6546
"392","Cambodia",2017,6819
"393","Cambodia",2018,6147
"394","Cambodia",2019,5856
"395","Cambodia",2020,3050
"396","Cambodia",2021,3616
"397","Cameroon",2000,417
"398","Cameroon",2001,231
"399","Cameroon",2002,1981
"400","Cameroon",2003,2234
"401","Cameroon",2004,2502
"402","Cameroon",2005,2661
"403","Cameroon",2006,6138
"404","Cameroon",2007,6305
"405","Cameroon",2008,7139
"406","Cameroon",2009,7243
"407","Cameroon",2010,8056
"408","Cameroon",2011,8236
"409","Cameroon",2012,8294
"410","Cameroon",2013,8260
"411","Cameroon",2014,8539
"412","Cameroon",2015,8433
"413","Cameroon",2016,8975
"414","Cameroon",2017,9181
"415","Cameroon",2018,9323
"416","Cameroon",2019,9977
"417","Cameroon",2020,5893
"418","Cameroon",2021,7798
"419","Cape Verde",2000,269
"420","Cape Verde",2001,129
"421","Cape Verde",2002,708
"422","Cape Verde",2003,672
"423","Cape Verde",2004,845
"424","Cape Verde",2005,925
"425","Cape Verde",2006,1771
"426","Cape Verde",2007,1954
"427","Cape Verde",2008,4959
"428","Cape Verde",2009,4454
"429","Cape Verde",2010,3996
"430","Cape Verde",2011,4119
"431","Cape Verde",2012,3590
"432","Cape Verde",2013,3126
"433","Cape Verde",2014,2588
"434","Cape Verde",2015,2607
"435","Cape Verde",2016,3012
"436","Cape Verde",2017,3122
"437","Cape Verde",2018,3044
"438","Cape Verde",2019,4055
"439","Cape Verde",2020,3229
"440","Cape Verde",2021,3128
"441","Chad",2000,29
"442","Chad",2001,13
"443","Chad",2002,45
"444","Chad",2003,52
"445","Chad",2004,73
"446","Chad",2005,94
"447","Chad",2006,180
"448","Chad",2007,172
"449","Chad",2008,202
"450","Chad",2009,414
"451","Chad",2010,216
"452","Chad",2011,226
"453","Chad",2012,289
"454","Chad",2013,270
"455","Chad",2014,258
"456","Chad",2015,239
"457","Chad",2016,274
"458","Chad",2017,332
"459","Chad",2018,424
"460","Chad",2019,497
"461","Chad",2020,300
"462","Chad",2021,510
"463","Chile",2000,2376
"464","Chile",2001,2634
"465","Chile",2002,4182
"466","Chile",2003,4248
"467","Chile",2004,6109
"468","Chile",2005,6918
"469","Chile",2006,8074
"470","Chile",2007,7614
"471","Chile",2008,5534
"472","Chile",2009,4634
"473","Chile",2010,4617
"474","Chile",2011,4241
"475","Chile",2012,3865
"476","Chile",2013,3816
"477","Chile",2014,3909
"478","Chile",2015,4142
"479","Chile",2016,4653
"480","Chile",2017,5289
"481","Chile",2018,5756
"482","Chile",2019,6352
"483","Chile",2020,4044
"484","Chile",2021,5200
"485","China",2000,60610
"486","China",2001,71578
"487","China",2002,116150
"488","China",2003,103665
"489","China",2004,125484
"490","China",2005,158184
"491","China",2006,182679
"492","China",2007,185722
"493","China",2008,192400
"494","China",2009,162266
"495","China",2010,189336
"496","China",2011,198740
"497","China",2012,187242
"498","China",2013,211684
"499","China",2014,219806
"500","China",2015,212737
"501","China",2016,218424
"502","China",2017,205644
"503","China",2018,203668
"504","China",2019,195031
"505","China",2020,109038
"506","China",2021,116190
"507","Colombia",2000,29168
"508","Colombia",2001,41409
"509","Colombia",2002,33948
"510","Colombia",2003,21316
"511","Colombia",2004,28627
"512","Colombia",2005,35512
"513","Colombia",2006,52331
"514","Colombia",2007,48946
"515","Colombia",2008,44261
"516","Colombia",2009,36447
"517","Colombia",2010,32425
"518","Colombia",2011,34056
"519","Colombia",2012,32261
"520","Colombia",2013,34411
"521","Colombia",2014,31263
"522","Colombia",2015,32797
"523","Colombia",2016,45396
"524","Colombia",2017,37827
"525","Colombia",2018,49708
"526","Colombia",2019,65187
"527","Colombia",2020,40622
"528","Colombia",2021,38944
"529","Comoros",2000,0
"530","Comoros",2001,3
"531","Comoros",2002,1
"532","Comoros",2003,10
"533","Comoros",2004,9
"534","Comoros",2005,7
"535","Comoros",2006,1515
"536","Comoros",2007,1605
"537","Comoros",2008,1973
"538","Comoros",2009,2053
"539","Comoros",2010,1610
"540","Comoros",2011,1402
"541","Comoros",2012,1664
"542","Comoros",2013,2831
"543","Comoros",2014,3336
"544","Comoros",2015,4382
"545","Comoros",2016,2224
"546","Comoros",2017,2526
"547","Comoros",2018,3347
"548","Comoros",2019,3992
"549","Comoros",2020,2603
"550","Comoros",2021,4079
"551","Costa Rica",2000,164
"552","Costa Rica",2001,167
"553","Costa Rica",2002,1161
"554","Costa Rica",2003,1044
"555","Costa Rica",2004,1406
"556","Costa Rica",2005,1733
"557","Costa Rica",2006,2298
"558","Costa Rica",2007,2057
"559","Costa Rica",2008,1708
"560","Costa Rica",2009,1874
"561","Costa Rica",2010,1824
"562","Costa Rica",2011,1866
"563","Costa Rica",2012,1799
"564","Costa Rica",2013,1966
"565","Costa Rica",2014,1894
"566","Costa Rica",2015,2056
"567","Costa Rica",2016,2148
"568","Costa Rica",2017,2171
"569","Costa Rica",2018,2309
"570","Costa Rica",2019,2394
"571","Costa Rica",2020,1306
"572","Costa Rica",2021,1627
"573","Cuba",2000,5134
"574","Cuba",2001,3227
"575","Cuba",2002,18629
"576","Cuba",2003,9717
"577","Cuba",2004,16289
"578","Cuba",2005,24519
"579","Cuba",2006,30435
"580","Cuba",2007,22730
"581","Cuba",2008,31050
"582","Cuba",2009,24678
"583","Cuba",2010,23868
"584","Cuba",2011,26414
"585","Cuba",2012,24018
"586","Cuba",2013,24220
"587","Cuba",2014,30636
"588","Cuba",2015,34035
"589","Cuba",2016,39045
"590","Cuba",2017,37951
"591","Cuba",2018,44373
"592","Cuba",2019,30832
"593","Cuba",2020,12485
"594","Cuba",2021,17668
"595","Djibouti",2000,130
"596","Djibouti",2001,92
"597","Djibouti",2002,58
"598","Djibouti",2003,60
"599","Djibouti",2004,68
"600","Djibouti",2005,99
"601","Djibouti",2006,157
"602","Djibouti",2007,120
"603","Djibouti",2008,132
"604","Djibouti",2009,191
"605","Djibouti",2010,190
"606","Djibouti",2011,247
"607","Djibouti",2012,297
"608","Djibouti",2013,320
"609","Djibouti",2014,278
"610","Djibouti",2015,335
"611","Djibouti",2016,467
"612","Djibouti",2017,408
"613","Djibouti",2018,489
"614","Djibouti",2019,854
"615","Djibouti",2020,495
"616","Djibouti",2021,1030
"617","Dominica",2000,160
"618","Dominica",2001,121
"619","Dominica",2002,173
"620","Dominica",2003,282
"621","Dominica",2004,272
"622","Dominica",2005,312
"623","Dominica",2006,538
"624","Dominica",2007,518
"625","Dominica",2008,529
"626","Dominica",2009,552
"627","Dominica",2010,495
"628","Dominica",2011,404
"629","Dominica",2012,354
"630","Dominica",2013,338
"631","Dominica",2014,405
"632","Dominica",2015,422
"633","Dominica",2016,471
"634","Dominica",2017,493
"635","Dominica",2018,489
"636","Dominica",2019,568
"637","Dominica",2020,313
"638","Dominica",2021,393
"639","Ecuador",2000,47372
"640","Ecuador",2001,41832
"641","Ecuador",2002,54155
"642","Ecuador",2003,55045
"643","Ecuador",2004,24570
"644","Ecuador",2005,20404
"645","Ecuador",2006,24930
"646","Ecuador",2007,25490
"647","Ecuador",2008,27891
"648","Ecuador",2009,18993
"649","Ecuador",2010,15611
"650","Ecuador",2011,14018
"651","Ecuador",2012,11713
"652","Ecuador",2013,11429
"653","Ecuador",2014,11244
"654","Ecuador",2015,11017
"655","Ecuador",2016,12655
"656","Ecuador",2017,11855
"657","Ecuador",2018,12513
"658","Ecuador",2019,13400
"659","Ecuador",2020,7254
"660","Ecuador",2021,9367
"661","Egypt",2000,2177
"662","Egypt",2001,1467
"663","Egypt",2002,5114
"664","Egypt",2003,4978
"665","Egypt",2004,6472
"666","Egypt",2005,7732
"667","Egypt",2006,9035
"668","Egypt",2007,8485
"669","Egypt",2008,9100
"670","Egypt",2009,10111
"671","Egypt",2010,11463
"672","Egypt",2011,10268
"673","Egypt",2012,12055
"674","Egypt",2013,13370
"675","Egypt",2014,13452
"676","Egypt",2015,13784
"677","Egypt",2016,15882
"678","Egypt",2017,17207
"679","Egypt",2018,19450
"680","Egypt",2019,19983
"681","Egypt",2020,10318
"682","Egypt",2021,15584
"683","El Salvador",2000,686
"684","El Salvador",2001,481
"685","El Salvador",2002,16693
"686","El Salvador",2003,15212
"687","El Salvador",2004,16236
"688","El Salvador",2005,12119
"689","El Salvador",2006,17329
"690","El Salvador",2007,12815
"691","El Salvador",2008,11954
"692","El Salvador",2009,12482
"693","El Salvador",2010,12872
"694","El Salvador",2011,12924
"695","El Salvador",2012,10751
"696","El Salvador",2013,11797
"697","El Salvador",2014,13046
"698","El Salvador",2015,13333
"699","El Salvador",2016,15949
"700","El Salvador",2017,17899
"701","El Salvador",2018,20611
"702","El Salvador",2019,21429
"703","El Salvador",2020,10947
"704","El Salvador",2021,11566
"705","Equatorial Guinea",2000,1111
"706","Equatorial Guinea",2001,690
"707","Equatorial Guinea",2002,571
"708","Equatorial Guinea",2003,773
"709","Equatorial Guinea",2004,922
"710","Equatorial Guinea",2005,1307
"711","Equatorial Guinea",2006,1827
"712","Equatorial Guinea",2007,1849
"713","Equatorial Guinea",2008,1395
"714","Equatorial Guinea",2009,1148
"715","Equatorial Guinea",2010,885
"716","Equatorial Guinea",2011,740
"717","Equatorial Guinea",2012,682
"718","Equatorial Guinea",2013,690
"719","Equatorial Guinea",2014,797
"720","Equatorial Guinea",2015,995
"721","Equatorial Guinea",2016,1161
"722","Equatorial Guinea",2017,1131
"723","Equatorial Guinea",2018,1103
"724","Equatorial Guinea",2019,898
"725","Equatorial Guinea",2020,435
"726","Equatorial Guinea",2021,700
"727","Eritrea",2000,575
"728","Eritrea",2001,304
"729","Eritrea",2002,830
"730","Eritrea",2003,1548
"731","Eritrea",2004,1668
"732","Eritrea",2005,2127
"733","Eritrea",2006,2647
"734","Eritrea",2007,2736
"735","Eritrea",2008,2841
"736","Eritrea",2009,3912
"737","Eritrea",2010,4847
"738","Eritrea",2011,5967
"739","Eritrea",2012,6309
"740","Eritrea",2013,6915
"741","Eritrea",2014,10423
"742","Eritrea",2015,14614
"743","Eritrea",2016,15925
"744","Eritrea",2017,14872
"745","Eritrea",2018,13906
"746","Eritrea",2019,13085
"747","Eritrea",2020,6273
"748","Eritrea",2021,6587
"749","Ethiopia",2000,3135
"750","Ethiopia",2001,3193
"751","Ethiopia",2002,6867
"752","Ethiopia",2003,7042
"753","Ethiopia",2004,8220
"754","Ethiopia",2005,9408
"755","Ethiopia",2006,13007
"756","Ethiopia",2007,11200
"757","Ethiopia",2008,10152
"758","Ethiopia",2009,10853
"759","Ethiopia",2010,11526
"760","Ethiopia",2011,11552
"761","Ethiopia",2012,11730
"762","Ethiopia",2013,9818
"763","Ethiopia",2014,8907
"764","Ethiopia",2015,8845
"765","Ethiopia",2016,10656
"766","Ethiopia",2017,11105
"767","Ethiopia",2018,10093
"768","Ethiopia",2019,8829
"769","Ethiopia",2020,5146
"770","Ethiopia",2021,6139
"771","Fiji",2000,2329
"772","Fiji",2001,3325
"773","Fiji",2002,3519
"774","Fiji",2003,3446
"775","Fiji",2004,3546
"776","Fiji",2005,4103
"777","Fiji",2006,4570
"778","Fiji",2007,4501
"779","Fiji",2008,4702
"780","Fiji",2009,4326
"781","Fiji",2010,2867
"782","Fiji",2011,2571
"783","Fiji",2012,2706
"784","Fiji",2013,2453
"785","Fiji",2014,2438
"786","Fiji",2015,2264
"787","Fiji",2016,2480
"788","Fiji",2017,2142
"789","Fiji",2018,1893
"790","Fiji",2019,2165
"791","Fiji",2020,968
"792","Fiji",2021,718
"793","Gabon",2000,24
"794","Gabon",2001,34
"795","Gabon",2002,35
"796","Gabon",2003,81
"797","Gabon",2004,78
"798","Gabon",2005,116
"799","Gabon",2006,540
"800","Gabon",2007,562
"801","Gabon",2008,547
"802","Gabon",2009,594
"803","Gabon",2010,606
"804","Gabon",2011,544
"805","Gabon",2012,574
"806","Gabon",2013,674
"807","Gabon",2014,636
"808","Gabon",2015,550
"809","Gabon",2016,652
"810","Gabon",2017,700
"811","Gabon",2018,859
"812","Gabon",2019,899
"813","Gabon",2020,716
"814","Gabon",2021,1052
"815","Gambia",2000,288
"816","Gambia",2001,231
"817","Gambia",2002,338
"818","Gambia",2003,450
"819","Gambia",2004,564
"820","Gambia",2005,615
"821","Gambia",2006,827
"822","Gambia",2007,830
"823","Gambia",2008,997
"824","Gambia",2009,1265
"825","Gambia",2010,1012
"826","Gambia",2011,1069
"827","Gambia",2012,1068
"828","Gambia",2013,1077
"829","Gambia",2014,1203
"830","Gambia",2015,1381
"831","Gambia",2016,1456
"832","Gambia",2017,1565
"833","Gambia",2018,1521
"834","Gambia",2019,1646
"835","Gambia",2020,991
"836","Gambia",2021,1320
"837","Ghana",2000,2609
"838","Ghana",2001,1605
"839","Ghana",2002,4497
"840","Ghana",2003,5101
"841","Ghana",2004,5448
"842","Ghana",2005,5881
"843","Ghana",2006,7178
"844","Ghana",2007,6071
"845","Ghana",2008,7930
"846","Ghana",2009,7474
"847","Ghana",2010,6909
"848","Ghana",2011,7559
"849","Ghana",2012,8834
"850","Ghana",2013,8442
"851","Ghana",2014,7060
"852","Ghana",2015,6815
"853","Ghana",2016,7340
"854","Ghana",2017,8725
"855","Ghana",2018,8869
"856","Ghana",2019,9500
"857","Ghana",2020,5536
"858","Ghana",2021,5832
"859","Grenada",2000,220
"860","Grenada",2001,206
"861","Grenada",2002,495
"862","Grenada",2003,391
"863","Grenada",2004,514
"864","Grenada",2005,632
"865","Grenada",2006,836
"866","Grenada",2007,611
"867","Grenada",2008,570
"868","Grenada",2009,609
"869","Grenada",2010,501
"870","Grenada",2011,437
"871","Grenada",2012,471
"872","Grenada",2013,491
"873","Grenada",2014,432
"874","Grenada",2015,384
"875","Grenada",2016,412
"876","Grenada",2017,375
"877","Grenada",2018,375
"878","Grenada",2019,381
"879","Grenada",2020,183
"880","Grenada",2021,232
"881","Guatemala",2000,387
"882","Guatemala",2001,291
"883","Guatemala",2002,8381
"884","Guatemala",2003,7531
"885","Guatemala",2004,10003
"886","Guatemala",2005,8834
"887","Guatemala",2006,12493
"888","Guatemala",2007,10024
"889","Guatemala",2008,9120
"890","Guatemala",2009,7083
"891","Guatemala",2010,7301
"892","Guatemala",2011,7322
"893","Guatemala",2012,6439
"894","Guatemala",2013,7812
"895","Guatemala",2014,7685
"896","Guatemala",2015,7541
"897","Guatemala",2016,8047
"898","Guatemala",2017,8598
"899","Guatemala",2018,9763
"900","Guatemala",2019,9225
"901","Guatemala",2020,4025
"902","Guatemala",2021,4248
"903","Guinea",2000,348
"904","Guinea",2001,277
"905","Guinea",2002,339
"906","Guinea",2003,545
"907","Guinea",2004,878
"908","Guinea",2005,952
"909","Guinea",2006,2088
"910","Guinea",2007,2262
"911","Guinea",2008,2500
"912","Guinea",2009,2645
"913","Guinea",2010,2996
"914","Guinea",2011,3620
"915","Guinea",2012,3387
"916","Guinea",2013,3387
"917","Guinea",2014,3406
"918","Guinea",2015,3357
"919","Guinea",2016,3710
"920","Guinea",2017,3728
"921","Guinea",2018,4330
"922","Guinea",2019,4540
"923","Guinea",2020,3139
"924","Guinea",2021,4179
"925","Guinea-Bissau",2000,87
"926","Guinea-Bissau",2001,106
"927","Guinea-Bissau",2002,193
"928","Guinea-Bissau",2003,183
"929","Guinea-Bissau",2004,172
"930","Guinea-Bissau",2005,197
"931","Guinea-Bissau",2006,294
"932","Guinea-Bissau",2007,360
"933","Guinea-Bissau",2008,1424
"934","Guinea-Bissau",2009,881
"935","Guinea-Bissau",2010,946
"936","Guinea-Bissau",2011,1081
"937","Guinea-Bissau",2012,986
"938","Guinea-Bissau",2013,841
"939","Guinea-Bissau",2014,930
"940","Guinea-Bissau",2015,874
"941","Guinea-Bissau",2016,862
"942","Guinea-Bissau",2017,882
"943","Guinea-Bissau",2018,1257
"944","Guinea-Bissau",2019,1986
"945","Guinea-Bissau",2020,1694
"946","Guinea-Bissau",2021,1814
"947","Guyana",2000,752
"948","Guyana",2001,935
"949","Guyana",2002,6117
"950","Guyana",2003,4475
"951","Guyana",2004,4233
"952","Guyana",2005,5788
"953","Guyana",2006,6123
"954","Guyana",2007,3974
"955","Guyana",2008,4238
"956","Guyana",2009,4282
"957","Guyana",2010,4269
"958","Guyana",2011,3978
"959","Guyana",2012,3419
"960","Guyana",2013,3311
"961","Guyana",2014,3788
"962","Guyana",2015,3300
"963","Guyana",2016,3449
"964","Guyana",2017,3225
"965","Guyana",2018,3073
"966","Guyana",2019,3196
"967","Guyana",2020,1693
"968","Guyana",2021,2050
"969","Haiti",2000,932
"970","Haiti",2001,1342
"971","Haiti",2002,11932
"972","Haiti",2003,7915
"973","Haiti",2004,8608
"974","Haiti",2005,8828
"975","Haiti",2006,14420
"976","Haiti",2007,19301
"977","Haiti",2008,16679
"978","Haiti",2009,16062
"979","Haiti",2010,18372
"980","Haiti",2011,18341
"981","Haiti",2012,18239
"982","Haiti",2013,15208
"983","Haiti",2014,12783
"984","Haiti",2015,14408
"985","Haiti",2016,22986
"986","Haiti",2017,14610
"987","Haiti",2018,14480
"988","Haiti",2019,11317
"989","Haiti",2020,5588
"990","Haiti",2021,8175
"991","Honduras",2000,463
"992","Honduras",2001,443
"993","Honduras",2002,4215
"994","Honduras",2003,3458
"995","Honduras",2004,4618
"996","Honduras",2005,5946
"997","Honduras",2006,9282
"998","Honduras",2007,10709
"999","Honduras",2008,7213
"1000","Honduras",2009,6702
"1001","Honduras",2010,8755
"1002","Honduras",2011,9604
"1003","Honduras",2012,8678
"1004","Honduras",2013,9842
"1005","Honduras",2014,10712
"1006","Honduras",2015,12369
"1007","Honduras",2016,17235
"1008","Honduras",2017,21552
"1009","Honduras",2018,26332
"1010","Honduras",2019,30392
"1011","Honduras",2020,17070
"1012","Honduras",2021,12335
"1013","India",2000,21766
"1014","India",2001,22156
"1015","India",2002,62267
"1016","India",2003,52573
"1017","India",2004,63611
"1018","India",2005,76163
"1019","India",2006,66479
"1020","India",2007,69232
"1021","India",2008,73307
"1022","India",2009,73317
"1023","India",2010,82511
"1024","India",2011,78058
"1025","India",2012,82273
"1026","India",2013,90223
"1027","India",2014,103298
"1028","India",2015,100831
"1029","India",2016,105798
"1030","India",2017,111177
"1031","India",2018,125616
"1032","India",2019,135127
"1033","India",2020,65013
"1034","India",2021,100354
"1035","Indonesia",2000,4806
"1036","Indonesia",2001,5046
"1037","Indonesia",2002,8860
"1038","Indonesia",2003,7109
"1039","Indonesia",2004,6541
"1040","Indonesia",2005,7586
"1041","Indonesia",2006,7783
"1042","Indonesia",2007,6611
"1043","Indonesia",2008,7585
"1044","Indonesia",2009,7617
"1045","Indonesia",2010,7514
"1046","Indonesia",2011,7676
"1047","Indonesia",2012,7454
"1048","Indonesia",2013,8294
"1049","Indonesia",2014,7834
"1050","Indonesia",2015,7824
"1051","Indonesia",2016,9293
"1052","Indonesia",2017,9127
"1053","Indonesia",2018,10019
"1054","Indonesia",2019,10604
"1055","Indonesia",2020,6803
"1056","Indonesia",2021,11424
"1057","Iraq",2000,6372
"1058","Iraq",2001,5810
"1059","Iraq",2002,13310
"1060","Iraq",2003,9592
"1061","Iraq",2004,7260
"1062","Iraq",2005,8460
"1063","Iraq",2006,11459
"1064","Iraq",2007,13547
"1065","Iraq",2008,16120
"1066","Iraq",2009,23542
"1067","Iraq",2010,23697
"1068","Iraq",2011,22954
"1069","Iraq",2012,19523
"1070","Iraq",2013,14171
"1071","Iraq",2014,19566
"1072","Iraq",2015,40633
"1073","Iraq",2016,79096
"1074","Iraq",2017,80513
"1075","Iraq",2018,79267
"1076","Iraq",2019,54908
"1077","Iraq",2020,21722
"1078","Iraq",2021,46143
"1079","Jamaica",2000,1350
"1080","Jamaica",2001,1489
"1081","Jamaica",2002,9244
"1082","Jamaica",2003,8333
"1083","Jamaica",2004,9004
"1084","Jamaica",2005,11265
"1085","Jamaica",2006,14945
"1086","Jamaica",2007,11837
"1087","Jamaica",2008,10885
"1088","Jamaica",2009,12822
"1089","Jamaica",2010,11887
"1090","Jamaica",2011,11846
"1091","Jamaica",2012,12433
"1092","Jamaica",2013,11505
"1093","Jamaica",2014,11819
"1094","Jamaica",2015,11435
"1095","Jamaica",2016,14687
"1096","Jamaica",2017,13910
"1097","Jamaica",2018,12975
"1098","Jamaica",2019,13934
"1099","Jamaica",2020,7039
"1100","Jamaica",2021,7294
"1101","Jordan",2000,856
"1102","Jordan",2001,887
"1103","Jordan",2002,2855
"1104","Jordan",2003,2704
"1105","Jordan",2004,3072
"1106","Jordan",2005,3256
"1107","Jordan",2006,3484
"1108","Jordan",2007,3219
"1109","Jordan",2008,3604
"1110","Jordan",2009,3846
"1111","Jordan",2010,3886
"1112","Jordan",2011,3886
"1113","Jordan",2012,3727
"1114","Jordan",2013,3741
"1115","Jordan",2014,4628
"1116","Jordan",2015,4363
"1117","Jordan",2016,5505
"1118","Jordan",2017,6049
"1119","Jordan",2018,7441
"1120","Jordan",2019,8926
"1121","Jordan",2020,4155
"1122","Jordan",2021,7707
"1123","Kazakhstan",2000,1158
"1124","Kazakhstan",2001,760
"1125","Kazakhstan",2002,2191
"1126","Kazakhstan",2003,7408
"1127","Kazakhstan",2004,6018
"1128","Kazakhstan",2005,4891
"1129","Kazakhstan",2006,3998
"1130","Kazakhstan",2007,3531
"1131","Kazakhstan",2008,3314
"1132","Kazakhstan",2009,3376
"1133","Kazakhstan",2010,4371
"1134","Kazakhstan",2011,3523
"1135","Kazakhstan",2012,3886
"1136","Kazakhstan",2013,4493
"1137","Kazakhstan",2014,4933
"1138","Kazakhstan",2015,5311
"1139","Kazakhstan",2016,9371
"1140","Kazakhstan",2017,11693
"1141","Kazakhstan",2018,15221
"1142","Kazakhstan",2019,16490
"1143","Kazakhstan",2020,10354
"1144","Kazakhstan",2021,18946
"1145","Kenya",2000,732
"1146","Kenya",2001,749
"1147","Kenya",2002,3128
"1148","Kenya",2003,3139
"1149","Kenya",2004,4245
"1150","Kenya",2005,4500
"1151","Kenya",2006,6480
"1152","Kenya",2007,5561
"1153","Kenya",2008,4884
"1154","Kenya",2009,6195
"1155","Kenya",2010,5892
"1156","Kenya",2011,5581
"1157","Kenya",2012,5103
"1158","Kenya",2013,4820
"1159","Kenya",2014,4746
"1160","Kenya",2015,4705
"1161","Kenya",2016,4842
"1162","Kenya",2017,5114
"1163","Kenya",2018,5093
"1164","Kenya",2019,5520
"1165","Kenya",2020,3529
"1166","Kenya",2021,4515
"1167","Kiribati",2000,9
"1168","Kiribati",2001,94
"1169","Kiribati",2002,115
"1170","Kiribati",2003,81
"1171","Kiribati",2004,35
"1172","Kiribati",2005,74
"1173","Kiribati",2006,104
"1174","Kiribati",2007,164
"1175","Kiribati",2008,122
"1176","Kiribati",2009,97
"1177","Kiribati",2010,90
"1178","Kiribati",2011,109
"1179","Kiribati",2012,88
"1180","Kiribati",2013,91
"1181","Kiribati",2014,96
"1182","Kiribati",2015,113
"1183","Kiribati",2016,104
"1184","Kiribati",2017,138
"1185","Kiribati",2018,117
"1186","Kiribati",2019,169
"1187","Kiribati",2020,90
"1188","Kiribati",2021,20
"1189","Kuwait",2000,584
"1190","Kuwait",2001,814
"1191","Kuwait",2002,915
"1192","Kuwait",2003,405
"1193","Kuwait",2004,578
"1194","Kuwait",2005,675
"1195","Kuwait",2006,728
"1196","Kuwait",2007,615
"1197","Kuwait",2008,184
"1198","Kuwait",2009,204
"1199","Kuwait",2010,192
"1200","Kuwait",2011,169
"1201","Kuwait",2012,199
"1202","Kuwait",2013,306
"1203","Kuwait",2014,723
"1204","Kuwait",2015,969
"1205","Kuwait",2016,1357
"1206","Kuwait",2017,664
"1207","Kuwait",2018,853
"1208","Kuwait",2019,1173
"1209","Kuwait",2020,626
"1210","Kuwait",2021,1608
"1211","Kyrgyzstan",2000,268
"1212","Kyrgyzstan",2001,345
"1213","Kyrgyzstan",2002,791
"1214","Kyrgyzstan",2003,1647
"1215","Kyrgyzstan",2004,1706
"1216","Kyrgyzstan",2005,1578
"1217","Kyrgyzstan",2006,1816
"1218","Kyrgyzstan",2007,1727
"1219","Kyrgyzstan",2008,1507
"1220","Kyrgyzstan",2009,1398
"1221","Kyrgyzstan",2010,2204
"1222","Kyrgyzstan",2011,1641
"1223","Kyrgyzstan",2012,1678
"1224","Kyrgyzstan",2013,1703
"1225","Kyrgyzstan",2014,1642
"1226","Kyrgyzstan",2015,1784
"1227","Kyrgyzstan",2016,6858
"1228","Kyrgyzstan",2017,8532
"1229","Kyrgyzstan",2018,9082
"1230","Kyrgyzstan",2019,10142
"1231","Kyrgyzstan",2020,5070
"1232","Kyrgyzstan",2021,10809
"1233","Lebanon",2000,2620
"1234","Lebanon",2001,2642
"1235","Lebanon",2002,4421
"1236","Lebanon",2003,4866
"1237","Lebanon",2004,5048
"1238","Lebanon",2005,5363
"1239","Lebanon",2006,6368
"1240","Lebanon",2007,6150
"1241","Lebanon",2008,6155
"1242","Lebanon",2009,5577
"1243","Lebanon",2010,5562
"1244","Lebanon",2011,5253
"1245","Lebanon",2012,4366
"1246","Lebanon",2013,4816
"1247","Lebanon",2014,5339
"1248","Lebanon",2015,5952
"1249","Lebanon",2016,6056
"1250","Lebanon",2017,5177
"1251","Lebanon",2018,5240
"1252","Lebanon",2019,6003
"1253","Lebanon",2020,5005
"1254","Lebanon",2021,9140
"1255","Lesotho",2000,6
"1256","Lesotho",2001,4
"1257","Lesotho",2002,12
"1258","Lesotho",2003,4
"1259","Lesotho",2004,18
"1260","Lesotho",2005,20
"1261","Lesotho",2006,17
"1262","Lesotho",2007,20
"1263","Lesotho",2008,23
"1264","Lesotho",2009,52
"1265","Lesotho",2010,36
"1266","Lesotho",2011,38
"1267","Lesotho",2012,23
"1268","Lesotho",2013,38
"1269","Lesotho",2014,18
"1270","Lesotho",2015,27
"1271","Lesotho",2016,22
"1272","Lesotho",2017,34
"1273","Lesotho",2018,21
"1274","Lesotho",2019,31
"1275","Lesotho",2020,22
"1276","Lesotho",2021,29
"1277","Liberia",2000,106
"1278","Liberia",2001,90
"1279","Liberia",2002,1656
"1280","Liberia",2003,1250
"1281","Liberia",2004,2198
"1282","Liberia",2005,3631
"1283","Liberia",2006,4490
"1284","Liberia",2007,2782
"1285","Liberia",2008,4753
"1286","Liberia",2009,4948
"1287","Liberia",2010,3348
"1288","Liberia",2011,2625
"1289","Liberia",2012,2521
"1290","Liberia",2013,1949
"1291","Liberia",2014,2341
"1292","Liberia",2015,2335
"1293","Liberia",2016,2289
"1294","Liberia",2017,2531
"1295","Liberia",2018,1956
"1296","Liberia",2019,2043
"1297","Liberia",2020,1038
"1298","Liberia",2021,1606
"1299","Libya",2000,278
"1300","Libya",2001,274
"1301","Libya",2002,426
"1302","Libya",2003,503
"1303","Libya",2004,555
"1304","Libya",2005,495
"1305","Libya",2006,697
"1306","Libya",2007,546
"1307","Libya",2008,669
"1308","Libya",2009,734
"1309","Libya",2010,927
"1310","Libya",2011,942
"1311","Libya",2012,1184
"1312","Libya",2013,2254
"1313","Libya",2014,2298
"1314","Libya",2015,1726
"1315","Libya",2016,2907
"1316","Libya",2017,4434
"1317","Libya",2018,4351
"1318","Libya",2019,6224
"1319","Libya",2020,2653
"1320","Libya",2021,6125
"1321","Madagascar",2000,98
"1322","Madagascar",2001,45
"1323","Madagascar",2002,130
"1324","Madagascar",2003,189
"1325","Madagascar",2004,234
"1326","Madagascar",2005,235
"1327","Madagascar",2006,1836
"1328","Madagascar",2007,1815
"1329","Madagascar",2008,1848
"1330","Madagascar",2009,2104
"1331","Madagascar",2010,2188
"1332","Madagascar",2011,2083
"1333","Madagascar",2012,2074
"1334","Madagascar",2013,2198
"1335","Madagascar",2014,2413
"1336","Madagascar",2015,2095
"1337","Madagascar",2016,2193
"1338","Madagascar",2017,2279
"1339","Madagascar",2018,2273
"1340","Madagascar",2019,2497
"1341","Madagascar",2020,1782
"1342","Madagascar",2021,2253
"1343","Malawi",2000,21
"1344","Malawi",2001,12
"1345","Malawi",2002,51
"1346","Malawi",2003,69
"1347","Malawi",2004,88
"1348","Malawi",2005,128
"1349","Malawi",2006,132
"1350","Malawi",2007,119
"1351","Malawi",2008,99
"1352","Malawi",2009,155
"1353","Malawi",2010,144
"1354","Malawi",2011,135
"1355","Malawi",2012,159
"1356","Malawi",2013,154
"1357","Malawi",2014,159
"1358","Malawi",2015,146
"1359","Malawi",2016,144
"1360","Malawi",2017,132
"1361","Malawi",2018,156
"1362","Malawi",2019,186
"1363","Malawi",2020,113
"1364","Malawi",2021,136
"1365","Malaysia",2000,2115
"1366","Malaysia",2001,2696
"1367","Malaysia",2002,4134
"1368","Malaysia",2003,4499
"1369","Malaysia",2004,5470
"1370","Malaysia",2005,5920
"1371","Malaysia",2006,5896
"1372","Malaysia",2007,6016
"1373","Malaysia",2008,6044
"1374","Malaysia",2009,6164
"1375","Malaysia",2010,5935
"1376","Malaysia",2011,6045
"1377","Malaysia",2012,6043
"1378","Malaysia",2013,6266
"1379","Malaysia",2014,5990
"1380","Malaysia",2015,5852
"1381","Malaysia",2016,6208
"1382","Malaysia",2017,6592
"1383","Malaysia",2018,6523
"1384","Malaysia",2019,6035
"1385","Malaysia",2020,3685
"1386","Malaysia",2021,4186
"1387","Maldives",2000,9
"1388","Maldives",2001,20
"1389","Maldives",2002,35
"1390","Maldives",2003,34
"1391","Maldives",2004,38
"1392","Maldives",2005,34
"1393","Maldives",2006,30
"1394","Maldives",2007,51
"1395","Maldives",2008,42
"1396","Maldives",2009,81
"1397","Maldives",2010,57
"1398","Maldives",2011,23
"1399","Maldives",2012,39
"1400","Maldives",2013,44
"1401","Maldives",2014,47
"1402","Maldives",2015,39
"1403","Maldives",2016,54
"1404","Maldives",2017,49
"1405","Maldives",2018,47
"1406","Maldives",2019,82
"1407","Maldives",2020,23
"1408","Maldives",2021,28
"1409","Mali",2000,86
"1410","Mali",2001,78
"1411","Mali",2002,164
"1412","Mali",2003,260
"1413","Mali",2004,296
"1414","Mali",2005,355
"1415","Mali",2006,1889
"1416","Mali",2007,1767
"1417","Mali",2008,2129
"1418","Mali",2009,2183
"1419","Mali",2010,1857
"1420","Mali",2011,1797
"1421","Mali",2012,1821
"1422","Mali",2013,2052
"1423","Mali",2014,2111
"1424","Mali",2015,1937
"1425","Mali",2016,2189
"1426","Mali",2017,2012
"1427","Mali",2018,2012
"1428","Mali",2019,2028
"1429","Mali",2020,1420
"1430","Mali",2021,1864
"1431","Mauritania",2000,228
"1432","Mauritania",2001,212
"1433","Mauritania",2002,282
"1434","Mauritania",2003,332
"1435","Mauritania",2004,348
"1436","Mauritania",2005,391
"1437","Mauritania",2006,705
"1438","Mauritania",2007,707
"1439","Mauritania",2008,868
"1440","Mauritania",2009,795
"1441","Mauritania",2010,706
"1442","Mauritania",2011,702
"1443","Mauritania",2012,755
"1444","Mauritania",2013,698
"1445","Mauritania",2014,629
"1446","Mauritania",2015,749
"1447","Mauritania",2016,710
"1448","Mauritania",2017,706
"1449","Mauritania",2018,716
"1450","Mauritania",2019,853
"1451","Mauritania",2020,506
"1452","Mauritania",2021,1081
"1453","Mauritius",2000,347
"1454","Mauritius",2001,292
"1455","Mauritius",2002,389
"1456","Mauritius",2003,622
"1457","Mauritius",2004,758
"1458","Mauritius",2005,756
"1459","Mauritius",2006,1207
"1460","Mauritius",2007,1205
"1461","Mauritius",2008,1439
"1462","Mauritius",2009,1639
"1463","Mauritius",2010,1875
"1464","Mauritius",2011,1896
"1465","Mauritius",2012,1767
"1466","Mauritius",2013,2128
"1467","Mauritius",2014,1659
"1468","Mauritius",2015,1610
"1469","Mauritius",2016,1537
"1470","Mauritius",2017,1539
"1471","Mauritius",2018,1387
"1472","Mauritius",2019,1609
"1473","Mauritius",2020,790
"1474","Mauritius",2021,871
"1475","Mexico",2000,2249
"1476","Mexico",2001,2422
"1477","Mexico",2002,126029
"1478","Mexico",2003,69134
"1479","Mexico",2004,105700
"1480","Mexico",2005,100763
"1481","Mexico",2006,110287
"1482","Mexico",2007,93297
"1483","Mexico",2008,117409
"1484","Mexico",2009,101822
"1485","Mexico",2010,86800
"1486","Mexico",2011,90979
"1487","Mexico",2012,91314
"1488","Mexico",2013,79932
"1489","Mexico",2014,83829
"1490","Mexico",2015,96499
"1491","Mexico",2016,105280
"1492","Mexico",2017,101455
"1493","Mexico",2018,96109
"1494","Mexico",2019,97493
"1495","Mexico",2020,60618
"1496","Mexico",2021,68799
"1497","Mongolia",2000,2412
"1498","Mongolia",2001,2386
"1499","Mongolia",2002,1241
"1500","Mongolia",2003,2854
"1501","Mongolia",2004,3431
"1502","Mongolia",2005,4048
"1503","Mongolia",2006,5301
"1504","Mongolia",2007,6996
"1505","Mongolia",2008,6627
"1506","Mongolia",2009,4472
"1507","Mongolia",2010,4306
"1508","Mongolia",2011,4057
"1509","Mongolia",2012,4122
"1510","Mongolia",2013,3607
"1511","Mongolia",2014,3758
"1512","Mongolia",2015,6563
"1513","Mongolia",2016,6728
"1514","Mongolia",2017,8821
"1515","Mongolia",2018,8504
"1516","Mongolia",2019,7859
"1517","Mongolia",2020,5793
"1518","Mongolia",2021,4882
"1519","Morocco",2000,22512
"1520","Morocco",2001,15823
"1521","Morocco",2002,24208
"1522","Morocco",2003,33408
"1523","Morocco",2004,43614
"1524","Morocco",2005,45441
"1525","Morocco",2006,59224
"1526","Morocco",2007,61776
"1527","Morocco",2008,71774
"1528","Morocco",2009,62602
"1529","Morocco",2010,52378
"1530","Morocco",2011,45781
"1531","Morocco",2012,40697
"1532","Morocco",2013,40711
"1533","Morocco",2014,39596
"1534","Morocco",2015,39784
"1535","Morocco",2016,43919
"1536","Morocco",2017,49264
"1537","Morocco",2018,60363
"1538","Morocco",2019,69855
"1539","Morocco",2020,47169
"1540","Morocco",2021,60395
"1541","Mozambique",2000,35
"1542","Mozambique",2001,30
"1543","Mozambique",2002,65
"1544","Mozambique",2003,117
"1545","Mozambique",2004,158
"1546","Mozambique",2005,132
"1547","Mozambique",2006,143
"1548","Mozambique",2007,180
"1549","Mozambique",2008,355
"1550","Mozambique",2009,321
"1551","Mozambique",2010,312
"1552","Mozambique",2011,283
"1553","Mozambique",2012,271
"1554","Mozambique",2013,260
"1555","Mozambique",2014,262
"1556","Mozambique",2015,303
"1557","Mozambique",2016,306
"1558","Mozambique",2017,339
"1559","Mozambique",2018,446
"1560","Mozambique",2019,541
"1561","Mozambique",2020,523
"1562","Mozambique",2021,567
"1563","Myanmar",2000,369
"1564","Myanmar",2001,331
"1565","Myanmar",2002,1059
"1566","Myanmar",2003,1073
"1567","Myanmar",2004,1249
"1568","Myanmar",2005,1915
"1569","Myanmar",2006,3818
"1570","Myanmar",2007,4589
"1571","Myanmar",2008,4337
"1572","Myanmar",2009,10667
"1573","Myanmar",2010,9903
"1574","Myanmar",2011,11819
"1575","Myanmar",2012,12894
"1576","Myanmar",2013,9327
"1577","Myanmar",2014,8329
"1578","Myanmar",2015,9938
"1579","Myanmar",2016,9940
"1580","Myanmar",2017,9910
"1581","Myanmar",2018,7326
"1582","Myanmar",2019,4571
"1583","Myanmar",2020,3480
"1584","Myanmar",2021,2931
"1585","Namibia",2000,55
"1586","Namibia",2001,55
"1587","Namibia",2002,72
"1588","Namibia",2003,112
"1589","Namibia",2004,137
"1590","Namibia",2005,124
"1591","Namibia",2006,157
"1592","Namibia",2007,115
"1593","Namibia",2008,133
"1594","Namibia",2009,239
"1595","Namibia",2010,152
"1596","Namibia",2011,170
"1597","Namibia",2012,184
"1598","Namibia",2013,216
"1599","Namibia",2014,192
"1600","Namibia",2015,212
"1601","Namibia",2016,193
"1602","Namibia",2017,284
"1603","Namibia",2018,284
"1604","Namibia",2019,328
"1605","Namibia",2020,187
"1606","Namibia",2021,256
"1607","Nepal",2000,413
"1608","Nepal",2001,453
"1609","Nepal",2002,1092
"1610","Nepal",2003,1791
"1611","Nepal",2004,2182
"1612","Nepal",2005,2402
"1613","Nepal",2006,2872
"1614","Nepal",2007,3027
"1615","Nepal",2008,3965
"1616","Nepal",2009,4335
"1617","Nepal",2010,5439
"1618","Nepal",2011,6654
"1619","Nepal",2012,7601
"1620","Nepal",2013,9031
"1621","Nepal",2014,9955
"1622","Nepal",2015,10776
"1623","Nepal",2016,12322
"1624","Nepal",2017,12075
"1625","Nepal",2018,12932
"1626","Nepal",2019,13417
"1627","Nepal",2020,9456
"1628","Nepal",2021,10950
"1629","Nicaragua",2000,208
"1630","Nicaragua",2001,181
"1631","Nicaragua",2002,5666
"1632","Nicaragua",2003,2499
"1633","Nicaragua",2004,2617
"1634","Nicaragua",2005,2767
"1635","Nicaragua",2006,4265
"1636","Nicaragua",2007,5450
"1637","Nicaragua",2008,4501
"1638","Nicaragua",2009,4642
"1639","Nicaragua",2010,4981
"1640","Nicaragua",2011,5389
"1641","Nicaragua",2012,4371
"1642","Nicaragua",2013,3932
"1643","Nicaragua",2014,4381
"1644","Nicaragua",2015,4837
"1645","Nicaragua",2016,5634
"1646","Nicaragua",2017,6678
"1647","Nicaragua",2018,9858
"1648","Nicaragua",2019,14086
"1649","Nicaragua",2020,7798
"1650","Nicaragua",2021,5037
"1651","Niger",2000,66
"1652","Niger",2001,18
"1653","Niger",2002,613
"1654","Niger",2003,443
"1655","Niger",2004,117
"1656","Niger",2005,157
"1657","Niger",2006,187
"1658","Niger",2007,175
"1659","Niger",2008,226
"1660","Niger",2009,271
"1661","Niger",2010,268
"1662","Niger",2011,253
"1663","Niger",2012,277
"1664","Niger",2013,257
"1665","Niger",2014,248
"1666","Niger",2015,276
"1667","Niger",2016,281
"1668","Niger",2017,277
"1669","Niger",2018,291
"1670","Niger",2019,363
"1671","Niger",2020,215
"1672","Niger",2021,353
"1673","Nigeria",2000,4308
"1674","Nigeria",2001,2041
"1675","Nigeria",2002,8051
"1676","Nigeria",2003,9749
"1677","Nigeria",2004,11394
"1678","Nigeria",2005,11540
"1679","Nigeria",2006,13086
"1680","Nigeria",2007,12932
"1681","Nigeria",2008,13097
"1682","Nigeria",2009,14783
"1683","Nigeria",2010,14774
"1684","Nigeria",2011,13398
"1685","Nigeria",2012,15160
"1686","Nigeria",2013,15278
"1687","Nigeria",2014,15942
"1688","Nigeria",2015,16920
"1689","Nigeria",2016,19618
"1690","Nigeria",2017,22990
"1691","Nigeria",2018,26670
"1692","Nigeria",2019,25365
"1693","Nigeria",2020,14257
"1694","Nigeria",2021,16251
"1695","Oman",2000,130
"1696","Oman",2001,216
"1697","Oman",2002,212
"1698","Oman",2003,90
"1699","Oman",2004,137
"1700","Oman",2005,107
"1701","Oman",2006,128
"1702","Oman",2007,101
"1703","Oman",2008,94
"1704","Oman",2009,72
"1705","Oman",2010,123
"1706","Oman",2011,165
"1707","Oman",2012,148
"1708","Oman",2013,164
"1709","Oman",2014,161
"1710","Oman",2015,168
"1711","Oman",2016,147
"1712","Oman",2017,161
"1713","Oman",2018,145
"1714","Oman",2019,214
"1715","Oman",2020,112
"1716","Oman",2021,207
"1717","Pakistan",2000,9323
"1718","Pakistan",2001,9501
"1719","Pakistan",2002,16596
"1720","Pakistan",2003,15052
"1721","Pakistan",2004,17826
"1722","Pakistan",2005,20253
"1723","Pakistan",2006,20698
"1724","Pakistan",2007,17657
"1725","Pakistan",2008,22214
"1726","Pakistan",2009,23230
"1727","Pakistan",2010,26694
"1728","Pakistan",2011,22446
"1729","Pakistan",2012,24761
"1730","Pakistan",2013,23372
"1731","Pakistan",2014,26266
"1732","Pakistan",2015,28475
"1733","Pakistan",2016,30348
"1734","Pakistan",2017,27744
"1735","Pakistan",2018,29747
"1736","Pakistan",2019,29736
"1737","Pakistan",2020,17417
"1738","Pakistan",2021,24808
"1739","Palau",2000,1
"1740","Palau",2001,1
"1741","Palau",2002,10
"1742","Palau",2003,8
"1743","Palau",2004,10
"1744","Palau",2005,11
"1745","Palau",2006,8
"1746","Palau",2007,7
"1747","Palau",2008,5
"1748","Palau",2009,15
"1749","Palau",2010,12
"1750","Palau",2011,8
"1751","Palau",2012,11
"1752","Palau",2013,7
"1753","Palau",2014,36
"1754","Palau",2015,15
"1755","Palau",2016,15
"1756","Palau",2017,10
"1757","Palau",2018,14
"1758","Palau",2019,11
"1759","Palau",2020,6
"1760","Palau",2021,6
"1761","Panama",2000,159
"1762","Panama",2001,129
"1763","Panama",2002,1229
"1764","Panama",2003,917
"1765","Panama",2004,1148
"1766","Panama",2005,1494
"1767","Panama",2006,2040
"1768","Panama",2007,1723
"1769","Panama",2008,1449
"1770","Panama",2009,1562
"1771","Panama",2010,1313
"1772","Panama",2011,1268
"1773","Panama",2012,1153
"1774","Panama",2013,1161
"1775","Panama",2014,1107
"1776","Panama",2015,1086
"1777","Panama",2016,1164
"1778","Panama",2017,1144
"1779","Panama",2018,1118
"1780","Panama",2019,1332
"1781","Panama",2020,482
"1782","Panama",2021,685
"1783","Papua New Guinea",2000,91
"1784","Papua New Guinea",2001,195
"1785","Papua New Guinea",2002,201
"1786","Papua New Guinea",2003,240
"1787","Papua New Guinea",2004,184
"1788","Papua New Guinea",2005,223
"1789","Papua New Guinea",2006,251
"1790","Papua New Guinea",2007,239
"1791","Papua New Guinea",2008,277
"1792","Papua New Guinea",2009,332
"1793","Papua New Guinea",2010,358
"1794","Papua New Guinea",2011,421
"1795","Papua New Guinea",2012,414
"1796","Papua New Guinea",2013,311
"1797","Papua New Guinea",2014,227
"1798","Papua New Guinea",2015,269
"1799","Papua New Guinea",2016,257
"1800","Papua New Guinea",2017,235
"1801","Papua New Guinea",2018,231
"1802","Papua New Guinea",2019,266
"1803","Papua New Guinea",2020,141
"1804","Papua New Guinea",2021,197
"1805","Paraguay",2000,192
"1806","Paraguay",2001,239
"1807","Paraguay",2002,795
"1808","Paraguay",2003,1890
"1809","Paraguay",2004,7213
"1810","Paraguay",2005,9509
"1811","Paraguay",2006,15013
"1812","Paraguay",2007,16140
"1813","Paraguay",2008,12367
"1814","Paraguay",2009,8710
"1815","Paraguay",2010,8155
"1816","Paraguay",2011,7132
"1817","Paraguay",2012,4399
"1818","Paraguay",2013,3615
"1819","Paraguay",2014,3873
"1820","Paraguay",2015,4122
"1821","Paraguay",2016,5708
"1822","Paraguay",2017,5879
"1823","Paraguay",2018,6349
"1824","Paraguay",2019,8033
"1825","Paraguay",2020,4393
"1826","Paraguay",2021,3234
"1827","Peru",2000,7547
"1828","Peru",2001,4727
"1829","Peru",2002,13835
"1830","Peru",2003,20285
"1831","Peru",2004,24166
"1832","Peru",2005,36747
"1833","Peru",2006,39964
"1834","Peru",2007,45388
"1835","Peru",2008,40841
"1836","Peru",2009,35070
"1837","Peru",2010,31224
"1838","Peru",2011,28394
"1839","Peru",2012,25151
"1840","Peru",2013,23508
"1841","Peru",2014,21926
"1842","Peru",2015,24037
"1843","Peru",2016,26004
"1844","Peru",2017,17353
"1845","Peru",2018,20573
"1846","Peru",2019,26470
"1847","Peru",2020,16360
"1848","Peru",2021,16982
"1849","Philippines",2000,20117
"1850","Philippines",2001,15677
"1851","Philippines",2002,49390
"1852","Philippines",2003,48447
"1853","Philippines",2004,58317
"1854","Philippines",2005,63441
"1855","Philippines",2006,74727
"1856","Philippines",2007,76888
"1857","Philippines",2008,74991
"1858","Philippines",2009,81223
"1859","Philippines",2010,85847
"1860","Philippines",2011,82665
"1861","Philippines",2012,82473
"1862","Philippines",2013,75186
"1863","Philippines",2014,81887
"1864","Philippines",2015,90816
"1865","Philippines",2016,83790
"1866","Philippines",2017,82095
"1867","Philippines",2018,76655
"1868","Philippines",2019,72158
"1869","Philippines",2020,34871
"1870","Philippines",2021,39790
"1871","Qatar",2000,130
"1872","Qatar",2001,184
"1873","Qatar",2002,192
"1874","Qatar",2003,54
"1875","Qatar",2004,84
"1876","Qatar",2005,100
"1877","Qatar",2006,174
"1878","Qatar",2007,103
"1879","Qatar",2008,58
"1880","Qatar",2009,66
"1881","Qatar",2010,114
"1882","Qatar",2011,83
"1883","Qatar",2012,103
"1884","Qatar",2013,175
"1885","Qatar",2014,207
"1886","Qatar",2015,147
"1887","Qatar",2016,304
"1888","Qatar",2017,210
"1889","Qatar",2018,337
"1890","Qatar",2019,512
"1891","Qatar",2020,209
"1892","Qatar",2021,403
"1893","Rwanda",2000,288
"1894","Rwanda",2001,173
"1895","Rwanda",2002,283
"1896","Rwanda",2003,332
"1897","Rwanda",2004,388
"1898","Rwanda",2005,513
"1899","Rwanda",2006,786
"1900","Rwanda",2007,752
"1901","Rwanda",2008,902
"1902","Rwanda",2009,1061
"1903","Rwanda",2010,1166
"1904","Rwanda",2011,1241
"1905","Rwanda",2012,1189
"1906","Rwanda",2013,953
"1907","Rwanda",2014,1040
"1908","Rwanda",2015,978
"1909","Rwanda",2016,1096
"1910","Rwanda",2017,1147
"1911","Rwanda",2018,1197
"1912","Rwanda",2019,1406
"1913","Rwanda",2020,893
"1914","Rwanda",2021,1058
"1915","Samoa",2000,1195
"1916","Samoa",2001,1108
"1917","Samoa",2002,921
"1918","Samoa",2003,1060
"1919","Samoa",2004,1190
"1920","Samoa",2005,1844
"1921","Samoa",2006,1765
"1922","Samoa",2007,1679
"1923","Samoa",2008,1598
"1924","Samoa",2009,1258
"1925","Samoa",2010,901
"1926","Samoa",2011,1077
"1927","Samoa",2012,1068
"1928","Samoa",2013,984
"1929","Samoa",2014,1105
"1930","Samoa",2015,1174
"1931","Samoa",2016,1188
"1932","Samoa",2017,1305
"1933","Samoa",2018,1341
"1934","Samoa",2019,1480
"1935","Samoa",2020,562
"1936","Samoa",2021,471
"1937","Saudi Arabia",2000,951
"1938","Saudi Arabia",2001,1599
"1939","Saudi Arabia",2002,1634
"1940","Saudi Arabia",2003,527
"1941","Saudi Arabia",2004,669
"1942","Saudi Arabia",2005,993
"1943","Saudi Arabia",2006,1260
"1944","Saudi Arabia",2007,1168
"1945","Saudi Arabia",2008,928
"1946","Saudi Arabia",2009,1111
"1947","Saudi Arabia",2010,1252
"1948","Saudi Arabia",2011,1436
"1949","Saudi Arabia",2012,1330
"1950","Saudi Arabia",2013,1749
"1951","Saudi Arabia",2014,1855
"1952","Saudi Arabia",2015,2322
"1953","Saudi Arabia",2016,2253
"1954","Saudi Arabia",2017,2065
"1955","Saudi Arabia",2018,2141
"1956","Saudi Arabia",2019,2678
"1957","Saudi Arabia",2020,960
"1958","Saudi Arabia",2021,1364
"1959","Senegal",2000,1077
"1960","Senegal",2001,427
"1961","Senegal",2002,1146
"1962","Senegal",2003,2448
"1963","Senegal",2004,2542
"1964","Senegal",2005,2560
"1965","Senegal",2006,4229
"1966","Senegal",2007,4226
"1967","Senegal",2008,6038
"1968","Senegal",2009,6261
"1969","Senegal",2010,6417
"1970","Senegal",2011,6093
"1971","Senegal",2012,5600
"1972","Senegal",2013,6094
"1973","Senegal",2014,5988
"1974","Senegal",2015,5854
"1975","Senegal",2016,6038
"1976","Senegal",2017,6102
"1977","Senegal",2018,6435
"1978","Senegal",2019,7002
"1979","Senegal",2020,4859
"1980","Senegal",2021,5901
"1981","Seychelles",2000,55
"1982","Seychelles",2001,30
"1983","Seychelles",2002,58
"1984","Seychelles",2003,82
"1985","Seychelles",2004,91
"1986","Seychelles",2005,68
"1987","Seychelles",2006,72
"1988","Seychelles",2007,73
"1989","Seychelles",2008,80
"1990","Seychelles",2009,85
"1991","Seychelles",2010,89
"1992","Seychelles",2011,77
"1993","Seychelles",2012,58
"1994","Seychelles",2013,59
"1995","Seychelles",2014,68
"1996","Seychelles",2015,54
"1997","Seychelles",2016,63
"1998","Seychelles",2017,32
"1999","Seychelles",2018,29
"2000","Seychelles",2019,22
"2001","Seychelles",2020,19
"2002","Seychelles",2021,22
"2003","Sierra Leone",2000,355
"2004","Sierra Leone",2001,431
"2005","Sierra Leone",2002,1682
"2006","Sierra Leone",2003,1400
"2007","Sierra Leone",2004,1324
"2008","Sierra Leone",2005,2128
"2009","Sierra Leone",2006,2421
"2010","Sierra Leone",2007,1622
"2011","Sierra Leone",2008,1753
"2012","Sierra Leone",2009,1669
"2013","Sierra Leone",2010,1581
"2014","Sierra Leone",2011,1373
"2015","Sierra Leone",2012,1227
"2016","Sierra Leone",2013,1107
"2017","Sierra Leone",2014,1170
"2018","Sierra Leone",2015,1176
"2019","Sierra Leone",2016,1206
"2020","Sierra Leone",2017,1654
"2021","Sierra Leone",2018,1289
"2022","Sierra Leone",2019,1093
"2023","Sierra Leone",2020,643
"2024","Sierra Leone",2021,1422
"2025","Solomon Islands",2000,42
"2026","Solomon Islands",2001,82
"2027","Solomon Islands",2002,90
"2028","Solomon Islands",2003,79
"2029","Solomon Islands",2004,51
"2030","Solomon Islands",2005,80
"2031","Solomon Islands",2006,73
"2032","Solomon Islands",2007,79
"2033","Solomon Islands",2008,82
"2034","Solomon Islands",2009,123
"2035","Solomon Islands",2010,61
"2036","Solomon Islands",2011,66
"2037","Solomon Islands",2012,70
"2038","Solomon Islands",2013,75
"2039","Solomon Islands",2014,52
"2040","Solomon Islands",2015,37
"2041","Solomon Islands",2016,55
"2042","Solomon Islands",2017,50
"2043","Solomon Islands",2018,54
"2044","Solomon Islands",2019,78
"2045","Solomon Islands",2020,65
"2046","Solomon Islands",2021,32
"2047","Somalia",2000,2629
"2048","Somalia",2001,1900
"2049","Somalia",2002,4665
"2050","Somalia",2003,3708
"2051","Somalia",2004,4295
"2052","Somalia",2005,5538
"2053","Somalia",2006,7959
"2054","Somalia",2007,7540
"2055","Somalia",2008,10283
"2056","Somalia",2009,13948
"2057","Somalia",2010,9667
"2058","Somalia",2011,7961
"2059","Somalia",2012,10172
"2060","Somalia",2013,13927
"2061","Somalia",2014,11292
"2062","Somalia",2015,13014
"2063","Somalia",2016,13356
"2064","Somalia",2017,12973
"2065","Somalia",2018,14190
"2066","Somalia",2019,13716
"2067","Somalia",2020,7624
"2068","Somalia",2021,12469
"2069","South Africa",2000,6857
"2070","South Africa",2001,7935
"2071","South Africa",2002,10102
"2072","South Africa",2003,7519
"2073","South Africa",2004,8391
"2074","South Africa",2005,8392
"2075","South Africa",2006,7856
"2076","South Africa",2007,8821
"2077","South Africa",2008,11064
"2078","South Africa",2009,11257
"2079","South Africa",2010,10444
"2080","South Africa",2011,8863
"2081","South Africa",2012,8895
"2082","South Africa",2013,7675
"2083","South Africa",2014,7425
"2084","South Africa",2015,7652
"2085","South Africa",2016,9110
"2086","South Africa",2017,10039
"2087","South Africa",2018,11023
"2088","South Africa",2019,14364
"2089","South Africa",2020,8066
"2090","South Africa",2021,7349
"2091","Sri Lanka",2000,7815
"2092","Sri Lanka",2001,5649
"2093","Sri Lanka",2002,7919
"2094","Sri Lanka",2003,7499
"2095","Sri Lanka",2004,7178
"2096","Sri Lanka",2005,7932
"2097","Sri Lanka",2006,8717
"2098","Sri Lanka",2007,8650
"2099","Sri Lanka",2008,10756
"2100","Sri Lanka",2009,10915
"2101","Sri Lanka",2010,11714
"2102","Sri Lanka",2011,10819
"2103","Sri Lanka",2012,11703
"2104","Sri Lanka",2013,11087
"2105","Sri Lanka",2014,10871
"2106","Sri Lanka",2015,9901
"2107","Sri Lanka",2016,9562
"2108","Sri Lanka",2017,9108
"2109","Sri Lanka",2018,8691
"2110","Sri Lanka",2019,8980
"2111","Sri Lanka",2020,5472
"2112","Sri Lanka",2021,5754
"2113","Sudan",2000,694
"2114","Sudan",2001,1167
"2115","Sudan",2002,2459
"2116","Sudan",2003,3285
"2117","Sudan",2004,4565
"2118","Sudan",2005,4503
"2119","Sudan",2006,4631
"2120","Sudan",2007,3506
"2121","Sudan",2008,2980
"2122","Sudan",2009,3146
"2123","Sudan",2010,2569
"2124","Sudan",2011,2611
"2125","Sudan",2012,2470
"2126","Sudan",2013,2001
"2127","Sudan",2014,2376
"2128","Sudan",2015,2928
"2129","Sudan",2016,3076
"2130","Sudan",2017,3465
"2131","Sudan",2018,4029
"2132","Sudan",2019,4650
"2133","Sudan",2020,2654
"2134","Sudan",2021,5564
"2135","Suriname",2000,11
"2136","Suriname",2001,13
"2137","Suriname",2002,142
"2138","Suriname",2003,115
"2139","Suriname",2004,102
"2140","Suriname",2005,186
"2141","Suriname",2006,421
"2142","Suriname",2007,377
"2143","Suriname",2008,1183
"2144","Suriname",2009,1139
"2145","Suriname",2010,1128
"2146","Suriname",2011,1224
"2147","Suriname",2012,1201
"2148","Suriname",2013,997
"2149","Suriname",2014,982
"2150","Suriname",2015,920
"2151","Suriname",2016,823
"2152","Suriname",2017,963
"2153","Suriname",2018,1383
"2154","Suriname",2019,1513
"2155","Suriname",2020,959
"2156","Suriname",2021,1012
"2157","Tajikistan",2000,86
"2158","Tajikistan",2001,128
"2159","Tajikistan",2002,184
"2160","Tajikistan",2003,175
"2161","Tajikistan",2004,197
"2162","Tajikistan",2005,231
"2163","Tajikistan",2006,264
"2164","Tajikistan",2007,223
"2165","Tajikistan",2008,229
"2166","Tajikistan",2009,248
"2167","Tajikistan",2010,307
"2168","Tajikistan",2011,326
"2169","Tajikistan",2012,348
"2170","Tajikistan",2013,448
"2171","Tajikistan",2014,531
"2172","Tajikistan",2015,757
"2173","Tajikistan",2016,1455
"2174","Tajikistan",2017,1802
"2175","Tajikistan",2018,1792
"2176","Tajikistan",2019,2252
"2177","Tajikistan",2020,1219
"2178","Tajikistan",2021,3115
"2179","Thailand",2000,6107
"2180","Thailand",2001,6290
"2181","Thailand",2002,16249
"2182","Thailand",2003,14791
"2183","Thailand",2004,16060
"2184","Thailand",2005,16469
"2185","Thailand",2006,21239
"2186","Thailand",2007,20138
"2187","Thailand",2008,20181
"2188","Thailand",2009,20365
"2189","Thailand",2010,21128
"2190","Thailand",2011,21197
"2191","Thailand",2012,21603
"2192","Thailand",2013,22890
"2193","Thailand",2014,35402
"2194","Thailand",2015,25780
"2195","Thailand",2016,32139
"2196","Thailand",2017,54243
"2197","Thailand",2018,59554
"2198","Thailand",2019,49483
"2199","Thailand",2020,18253
"2200","Thailand",2021,15643
"2201","Timor-Leste",2000,2
"2202","Timor-Leste",2001,16
"2203","Timor-Leste",2002,22
"2204","Timor-Leste",2003,76
"2205","Timor-Leste",2004,44
"2206","Timor-Leste",2005,62
"2207","Timor-Leste",2006,41
"2208","Timor-Leste",2007,34
"2209","Timor-Leste",2008,41
"2210","Timor-Leste",2009,37
"2211","Timor-Leste",2010,90
"2212","Timor-Leste",2011,48
"2213","Timor-Leste",2012,67
"2214","Timor-Leste",2013,31
"2215","Timor-Leste",2014,75
"2216","Timor-Leste",2015,38
"2217","Timor-Leste",2016,49
"2218","Timor-Leste",2017,66
"2219","Timor-Leste",2018,31
"2220","Timor-Leste",2019,53
"2221","Timor-Leste",2020,31
"2222","Timor-Leste",2021,32
"2223","Togo",2000,53
"2224","Togo",2001,34
"2225","Togo",2002,495
"2226","Togo",2003,1115
"2227","Togo",2004,1403
"2228","Togo",2005,1214
"2229","Togo",2006,1740
"2230","Togo",2007,1658
"2231","Togo",2008,1978
"2232","Togo",2009,1896
"2233","Togo",2010,1910
"2234","Togo",2011,1816
"2235","Togo",2012,1935
"2236","Togo",2013,1698
"2237","Togo",2014,1867
"2238","Togo",2015,1794
"2239","Togo",2016,2038
"2240","Togo",2017,1878
"2241","Togo",2018,1956
"2242","Togo",2019,1999
"2243","Togo",2020,1372
"2244","Togo",2021,1554
"2245","Tonga",2000,506
"2246","Tonga",2001,622
"2247","Tonga",2002,785
"2248","Tonga",2003,785
"2249","Tonga",2004,988
"2250","Tonga",2005,1062
"2251","Tonga",2006,1147
"2252","Tonga",2007,1111
"2253","Tonga",2008,1258
"2254","Tonga",2009,1159
"2255","Tonga",2010,772
"2256","Tonga",2011,779
"2257","Tonga",2012,625
"2258","Tonga",2013,700
"2259","Tonga",2014,662
"2260","Tonga",2015,809
"2261","Tonga",2016,754
"2262","Tonga",2017,714
"2263","Tonga",2018,733
"2264","Tonga",2019,836
"2265","Tonga",2020,466
"2266","Tonga",2021,205
"2267","Tunisia",2000,2505
"2268","Tunisia",2001,1051
"2269","Tunisia",2002,2561
"2270","Tunisia",2003,3184
"2271","Tunisia",2004,3246
"2272","Tunisia",2005,3069
"2273","Tunisia",2006,7113
"2274","Tunisia",2007,6811
"2275","Tunisia",2008,7740
"2276","Tunisia",2009,7444
"2277","Tunisia",2010,8261
"2278","Tunisia",2011,8043
"2279","Tunisia",2012,8381
"2280","Tunisia",2013,8830
"2281","Tunisia",2014,9110
"2282","Tunisia",2015,8605
"2283","Tunisia",2016,9611
"2284","Tunisia",2017,10255
"2285","Tunisia",2018,12426
"2286","Tunisia",2019,13890
"2287","Tunisia",2020,9811
"2288","Tunisia",2021,13824
"2289","Turkmenistan",2000,21
"2290","Turkmenistan",2001,24
"2291","Turkmenistan",2002,85
"2292","Turkmenistan",2003,203
"2293","Turkmenistan",2004,230
"2294","Turkmenistan",2005,221
"2295","Turkmenistan",2006,307
"2296","Turkmenistan",2007,328
"2297","Turkmenistan",2008,299
"2298","Turkmenistan",2009,343
"2299","Turkmenistan",2010,840
"2300","Turkmenistan",2011,333
"2301","Turkmenistan",2012,300
"2302","Turkmenistan",2013,299
"2303","Turkmenistan",2014,442
"2304","Turkmenistan",2015,435
"2305","Turkmenistan",2016,6030
"2306","Turkmenistan",2017,12600
"2307","Turkmenistan",2018,18474
"2308","Turkmenistan",2019,28329
"2309","Turkmenistan",2020,7880
"2310","Turkmenistan",2021,11055
"2311","Tuvalu",2000,36
"2312","Tuvalu",2001,114
"2313","Tuvalu",2002,131
"2314","Tuvalu",2003,110
"2315","Tuvalu",2004,31
"2316","Tuvalu",2005,57
"2317","Tuvalu",2006,69
"2318","Tuvalu",2007,62
"2319","Tuvalu",2008,64
"2320","Tuvalu",2009,61
"2321","Tuvalu",2010,55
"2322","Tuvalu",2011,36
"2323","Tuvalu",2012,57
"2324","Tuvalu",2013,74
"2325","Tuvalu",2014,62
"2326","Tuvalu",2015,59
"2327","Tuvalu",2016,56
"2328","Tuvalu",2017,83
"2329","Tuvalu",2018,89
"2330","Tuvalu",2019,87
"2331","Tuvalu",2020,39
"2332","Tuvalu",2021,9
"2333","Uganda",2000,145
"2334","Uganda",2001,156
"2335","Uganda",2002,504
"2336","Uganda",2003,541
"2337","Uganda",2004,739
"2338","Uganda",2005,828
"2339","Uganda",2006,1101
"2340","Uganda",2007,1014
"2341","Uganda",2008,1099
"2342","Uganda",2009,1115
"2343","Uganda",2010,1126
"2344","Uganda",2011,1190
"2345","Uganda",2012,1257
"2346","Uganda",2013,1332
"2347","Uganda",2014,1421
"2348","Uganda",2015,1471
"2349","Uganda",2016,1492
"2350","Uganda",2017,1552
"2351","Uganda",2018,1586
"2352","Uganda",2019,2153
"2353","Uganda",2020,1219
"2354","Uganda",2021,2436
"2355","United Arab Emirates",2000,1461
"2356","United Arab Emirates",2001,2088
"2357","United Arab Emirates",2002,2316
"2358","United Arab Emirates",2003,329
"2359","United Arab Emirates",2004,546
"2360","United Arab Emirates",2005,809
"2361","United Arab Emirates",2006,790
"2362","United Arab Emirates",2007,658
"2363","United Arab Emirates",2008,283
"2364","United Arab Emirates",2009,386
"2365","United Arab Emirates",2010,440
"2366","United Arab Emirates",2011,323
"2367","United Arab Emirates",2012,429
"2368","United Arab Emirates",2013,761
"2369","United Arab Emirates",2014,1077
"2370","United Arab Emirates",2015,1249
"2371","United Arab Emirates",2016,1123
"2372","United Arab Emirates",2017,1072
"2373","United Arab Emirates",2018,806
"2374","United Arab Emirates",2019,862
"2375","United Arab Emirates",2020,348
"2376","United Arab Emirates",2021,658
"2377","Uruguay",2000,850
"2378","Uruguay",2001,1528
"2379","Uruguay",2002,3629
"2380","Uruguay",2003,4866
"2381","Uruguay",2004,6506
"2382","Uruguay",2005,5245
"2383","Uruguay",2006,5744
"2384","Uruguay",2007,5319
"2385","Uruguay",2008,3550
"2386","Uruguay",2009,2199
"2387","Uruguay",2010,2034
"2388","Uruguay",2011,1995
"2389","Uruguay",2012,1752
"2390","Uruguay",2013,1817
"2391","Uruguay",2014,1661
"2392","Uruguay",2015,1802
"2393","Uruguay",2016,1996
"2394","Uruguay",2017,2220
"2395","Uruguay",2018,2358
"2396","Uruguay",2019,3033
"2397","Uruguay",2020,1817
"2398","Uruguay",2021,1667
"2399","Uzbekistan",2000,1623
"2400","Uzbekistan",2001,1692
"2401","Uzbekistan",2002,2707
"2402","Uzbekistan",2003,3110
"2403","Uzbekistan",2004,2819
"2404","Uzbekistan",2005,3481
"2405","Uzbekistan",2006,4146
"2406","Uzbekistan",2007,4706
"2407","Uzbekistan",2008,5521
"2408","Uzbekistan",2009,4663
"2409","Uzbekistan",2010,5914
"2410","Uzbekistan",2011,5888
"2411","Uzbekistan",2012,6559
"2412","Uzbekistan",2013,6858
"2413","Uzbekistan",2014,7749
"2414","Uzbekistan",2015,7995
"2415","Uzbekistan",2016,15926
"2416","Uzbekistan",2017,21884
"2417","Uzbekistan",2018,19971
"2418","Uzbekistan",2019,28799
"2419","Uzbekistan",2020,13901
"2420","Uzbekistan",2021,31577
"2421","Venezuela",2000,2756
"2422","Venezuela",2001,2769
"2423","Venezuela",2002,6759
"2424","Venezuela",2003,9307
"2425","Venezuela",2004,11886
"2426","Venezuela",2005,14791
"2427","Venezuela",2006,14970
"2428","Venezuela",2007,15430
"2429","Venezuela",2008,13024
"2430","Venezuela",2009,12017
"2431","Venezuela",2010,12367
"2432","Venezuela",2011,12463
"2433","Venezuela",2012,11191
"2434","Venezuela",2013,11934
"2435","Venezuela",2014,13692
"2436","Venezuela",2015,18353
"2437","Venezuela",2016,30906
"2438","Venezuela",2017,30131
"2439","Venezuela",2018,42417
"2440","Venezuela",2019,51885
"2441","Venezuela",2020,26414
"2442","Venezuela",2021,25160
"2443","Yemen",2000,21
"2444","Yemen",2001,18
"2445","Yemen",2002,628
"2446","Yemen",2003,788
"2447","Yemen",2004,903
"2448","Yemen",2005,1622
"2449","Yemen",2006,2184
"2450","Yemen",2007,1438
"2451","Yemen",2008,1167
"2452","Yemen",2009,2002
"2453","Yemen",2010,2244
"2454","Yemen",2011,2154
"2455","Yemen",2012,1644
"2456","Yemen",2013,2135
"2457","Yemen",2014,2161
"2458","Yemen",2015,2350
"2459","Yemen",2016,8349
"2460","Yemen",2017,5504
"2461","Yemen",2018,5489
"2462","Yemen",2019,6041
"2463","Yemen",2020,5266
"2464","Yemen",2021,6318
"2465","Zambia",2000,74
"2466","Zambia",2001,123
"2467","Zambia",2002,312
"2468","Zambia",2003,299
"2469","Zambia",2004,345
"2470","Zambia",2005,461
"2471","Zambia",2006,551
"2472","Zambia",2007,508
"2473","Zambia",2008,528
"2474","Zambia",2009,573
"2475","Zambia",2010,537
"2476","Zambia",2011,572
"2477","Zambia",2012,518
"2478","Zambia",2013,544
"2479","Zambia",2014,460
"2480","Zambia",2015,474
"2481","Zambia",2016,429
"2482","Zambia",2017,505
"2483","Zambia",2018,407
"2484","Zambia",2019,485
"2485","Zambia",2020,320
"2486","Zambia",2021,453
"2487","Zimbabwe",2000,317
"2488","Zimbabwe",2001,1010
"2489","Zimbabwe",2002,1578
"2490","Zimbabwe",2003,1584
"2491","Zimbabwe",2004,2195
"2492","Zimbabwe",2005,1692
"2493","Zimbabwe",2006,1682
"2494","Zimbabwe",2007,1870
"2495","Zimbabwe",2008,1939
"2496","Zimbabwe",2009,1953
"2497","Zimbabwe",2010,2166
"2498","Zimbabwe",2011,1822
"2499","Zimbabwe",2012,1552
"2500","Zimbabwe",2013,1489
"2501","Zimbabwe",2014,1240
"2502","Zimbabwe",2015,1198
"2503","Zimbabwe",2016,1379
"2504","Zimbabwe",2017,1643
"2505","Zimbabwe",2018,1753
"2506","Zimbabwe",2019,1965
"2507","Zimbabwe",2020,1122
"2508","Zimbabwe",2021,1818
